Volgnr.;Naam;h;b;tw;tf;Wel;Wpl;Wel-z;Wpl-z;A;r;Iy;Izwakke as;kN/m;id_1;Naam_1;Volgnr_1
1;HEA 100;96;100;5;8;72800;83000;26760;41140;2124;12;3490000;1338000;0.1667;1;HEA 100;1
2;HEA 100 corrosie 50 jr.;94.8;98.8;3.8;6.8;62436;70210.1;22202.7;34072;1780;12;2959468;1096810;0.1397;2;;2
3;HEA 100 corrosie 100 jr.;93.6;97.6;2.6;5.6;51914;57411;17840;27324;1435;12;2429578;870611;0.1126;3;;3
4;HEA 120;114;120;5;8;106300;119400;38500;58860;2534;12;6060000;2309000;0.1989;1;HEA 120;4
5;HEA 120 corrosie 50 jr.;112.8;118.8;3.8;6.8;91034;100951;32055;48933;2120;12;5134344;190411;0.1664;2;;5
6;HEA 120 corrosie 100 jr.;111.6;117.6;2.6;5.6;75452;82406;25864;39406;1706;12;4210265;152086;0.1339;3;;6
7;HEA 140;133;140;5.5;8.5;155400;173400;55600;84800;3142;12;10330000;3890000;0.2466;1;HEA 140;7
8;HEA 140 corrosie 50 jr.;131.8;138.8;4.3;7.3;134096;148032;46944;71482;2658;12;8836939;325792;0.2086;2;;8
9;HEA 140 corrosie 100 jr.;130.6;137.6;3.1;6.1;112497;122559;38546;58577;2173;12;7346062;265202;0.1706;3;;9
10;HEA 160  ;152;160;6;9;220100;245200;76900;117600;3880;15;16730000;6160000;0.3044;1;HEA 160  ;10
11;HEA 160 corrosie 50 jr.;150.8;158.8;4.8;7.8;192140;211837;65686;100284;3325;15;14487355;521554;0.261;2;;11
12;HEA 160 corrosie 100 jr.;149.6;157.6;3.6;6.6;163652;178384;54739;83444;2770;15;12241170;431349;0.2175;3;;12
13;HEA 180;171;180;6;9.5;293600;324800;102700;156400;4530;15;25100000;9250000;0.355;1;HEA 180;13
14;HEA 180 corrosie 50 jr.;169.8;178.8;4.8;8.3;257677;282405;88558;134713;3903;15;21876747;7917142;0.3063;2;;14
15;HEA 180 corrosie 100 jr.;168.6;177.6;3.6;7.1;221170;239788;74735;113511;3277;15;18644616;6636504;0.2572;3;;15
16;HEA 200;190;200;6.5;10;389000;429400;133600;203800;5380;18;36920000;13360000;0.423;1;HEA 200;16
17;HEA 200 corrosie 50 jr.;188.8;198.8;5.3;8.8;344145;377097;116117;177030;4693;18;32487331;11542052;0.3684;2;;17
18;HEA 200 corrosie 100 jr.;187.6;197.6;4.1;7.6;298821;324316;99070;150860;3997;18;28029445;9788190;0.3138;3;;18
19;HEA 220;210;220;7;11;515000;568400;177700;270600;6430;18;54100000;19550000;0.505;1;HEA 220;19
20;HEA 220 corrosie 50 jr.;208.8;218.8;5.8;9.8;460883;504552;156575;238177;5672;18;48116219;17129300;0.4453;2;;20
21;HEA 220 corrosie 100 jr.;207.6;217.6;4.6;8.6;405640;440205;135890;206445;4905;18;42105463;14784800;0.3851;3;;21
22;HEA 240 ;230;240;7.5;12;675000;744000;230700;351600;7680;21;77630000;27690000;0.603;1;HEA 240 ;22
23;HEA 240 corrosie 50 jr. ;228.8;238.8;6.3;10.8;610315;668404;205587;313087;6854;21;69819991;24547100;0.538;2;;23
24;HEA 240 corrosie 100 jr. ;227.6;237.6;5.1;9.6;544331;591413;180902;275193;6015;21;61944819;21491200;0.4722;3;;24
25;HEA 260;250;260;7.5;12.5;836000;920000;282100;430200;8680;24;104600000;36680000;0.682;1;HEA 260;25
26;HEA 260 corrosie 50 jr.;248.8;258.8;6.3;11.3;759904;829993;252695;385055;7784;24;94532019;32698800;0.611;2;;26
27;HEA 260 corrosie 100 jr.;247.6;257.6;5.1;10.1;681751;739007;223763;340668;6873;24;84400731;28820700;0.5395;3;;27
28;HEA 280;270;280;8;13;1013000;1112000;340000;518200;9730;24;136700000;47630000;0.764;1;HEA 280;28
29;HEA 280 corrosie 50 jr.;268.8;278.8;6.8;11.8;932347;1022420;306205;467104;8757;24;125307403;42684900;0.7066;2;;29
30;HEA 280 corrosie 100 jr.;267.6;277.6;5.6;10.6;831749;901234;272641;414569;7775;24;111287985;37842500;0.6103;3;;30
31;HEA 300;290;300;8.5;14;1260000;1384000;421000;642000;11250;27;182600000;63100000;0.883;1;HEA 300;31
32;HEA 300 corrosie 50 jr.;288.8;298.8;7.3;12.8;1153817;1262940;356473;543618;10187;27;162158917;56999584;0.7818;2;;32
33;HEA 300 corrosie 100 jr.;287.6;297.6;6.1;11.6;1051630;1140710;342973;522071;9162;27;151225082;51034400;0.7192;3;;33
34;HEA 320;310;300;9;15.5;1479000;1628000;466000;710000;12440;27;229300000;69850000;0.976;1;HEA 320;34
35;HEA 320 corrosie 50 jr.;308.8;298.8;7.8;14.3;1368700;1497840;426203;649102;11376;27;211328001;63674700;0.893;2;;35
36;HEA 320 corrosie 100 jr.;307.6;297.6;6.6;13.1;1255680;1365570;387288;589261;10299;27;193123372;57628400;0.8085;3;;36
37;HEA 340;330;300;9.5;16.5;1678000;1850000;496000;756000;13350;27;276900000;74360000;1.048;1;HEA 340;37
38;HEA 340 corrosie 50 jr.;328.8;298.8;8.3;15.3;1559450;1709920;456006;694778;12263;27;256372847;68127300;0.9627;2;;38
39;HEA 340 corrosie 100 jr.;327.6;297.6;7.1;14.1;1437920;1567190;416845;634414;11163;27;235531446;62026500;0.8763;3;;39
40;HEA 360;350;300;10;17.5;1891000;2088000;526000;802000;14280;27;330900000;78870000;1.121;1;HEA 360;40
41;HEA 360 corrosie 50 jr.;348.8;298.8;8.8;16.3;1763410;1937390;485814;740566;13168;27;307538312;72580600;10.337;2;;41
42;HEA 360 corrosie 100 jr.;347.6;297.6;7.6;15.1;1633240;1783980;446406;679669;12045;27;283856559;66425200;0.9455;3;;42
43;HEA 400;390;300;11;19;2311000;2562000;571000;872000;15900;27;450700000;85640000;1.248;1;HEA 400;43
44;HEA 400 corrosie 50 jr.;388.8;298.8;9.8;17.8;2166000;2388790;530566;810208;14715;27;421052924;79266630;11.574;2;;44
45;HEA 400 corrosie 100 jr.;387.6;297.6;8.6;16.6;2017550;2213160;490782;748385;13573;27;391000811;73028300;10.655;3;;45
46;HEA 450;440;300;11.5;21;2896000;3216000;631000;966000;17800;27;637200000;94650000;1.398;1;HEA 450;46
47;HEA 450 corrosie 50 jr.;438.8;298.8;10.3;19.8;2727787;3014030;590169;901758;16589;27;598476517;88171300;13.023;2;;47
48;HEA 450 corrosie 100 jr.;437.6;297.6;9.1;18.6;2555760;2809200;549891;838848;15359;27;559200055;81823800;12.057;3;;48
49;HEA 500;490;300;12;23;3550000;3948000;691000;1058000;19750;27;869800000;103700000;1.551;1;HEA 500;49
50;HEA 500 corrosie 50 jr.;488.8;298.8;10.8;21.8;3357062;3716715;649785;993595;18481;27;820466000;97077808;14.507;2;;50
51;HEA 500 corrosie 100 jr.;487.6;297.6;9.6;20.6;3160400;3481220;609010;929571;17192;27;770505363;90620800;13.495;3;;51
52;HEA 550;540;300;12.5;24;4146000;4622000;721000;1106000;21180;27;1118999900;108200000;1.662;1;HEA 550;52
53;HEA 550 corrosie 50 jr.;538.8;298.8;11.3;22.8;3926586;4357576;679654;1041160;19843;27;1057822348;101540354;15.577;2;;53
54;HEA 550 corrosie 100 jr.;537.6;297.6;10.1;21.6;3703410;4089590;638620;976339;18495;27;995475227;95026700;14.518;3;;54
55;HEA 600;590;300;13;25;4787000;5350000;751000;1156000;22650;27;1412000000;112700000;1.778;1;HEA 600;55
56;HEA 600 corrosie 50 jr.;588.8;298.8;11.8;23.8;4540568;5052570;709539;1089060;21254;27;1336743139;106005142;16.684;2;;56
57;HEA 600 corrosie 100 jr.;587.6;297.6;10.6;22.6;4335160;4824180;668406;1026740;20388;27;1273670195;99458900;16.005;3;;57
58;HEA 650;640;300;13.5;26;5474000;6136000;782000;1204000;24160;27;1752000000;117200000;1.897;1;HEA 650;58
59;HEA 650 corrosie 50 jr.;638.8;298.8;12.3;24.8;5200108;5803432;739441;1137300;22713;27;1660914535;110472549;17.829;2;;59
60;HEA 650 corrosie 100 jr.;637.6;297.6;11.1;23.6;4920980;5466060;697881;1070800;21245;27;1568809032;103845000;16.677;3;;60
61;HEA 700;690;300;14.5;27;6241000;7032000;812000;1256000;26050;27;2152999900;121800000;2.045;1;HEA 700;61
62;HEA 700 corrosie 50 jr.;688.8;298.8;13.3;25.8;5937606;6662640;769481;1188160;24538;27;2044911460;114960411;19.262;2;;62
63;HEA 700 corrosie 100 jr.;687.6;297.6;12.1;24.6;5629290;6288560;727636;1120590;23012;27;1935348489;108272000;18.064;3;;63
64;HEA 800;790;300;15;28;7682000;8700000;843000;1312000;28580;30;3033999900;126400000;2.244;1;HEA 800;64
65;HEA 800 corrosie 50 jr.;788.8;298.8;13.8;26.8;7318637;8254020;799842;1242300;26958;30;2886470518;119496408;21.162;2;;65
66;HEA 800 corrosie 100 jr.;787.6;297.6;12.6;25.6;6947640;7801280;757689;1173320;25312;30;2735981366;112744000;1.987;3;;66
67;HEA 900;890;300;16;30;9485000;10812000;903000;1414000;32100;30;4221000000;135500000;2.516;1;HEA 900;67
68;HEA 900 corrosie 50 jr.;888.8;298.8;14.8;28.8;9056754;10282461;859863;1342500;30309;30;4024821482;128463503;23.792;2;;68
69;HEA 900 corrosie 100 jr.;887.6;297.6;13.6;27.6;8620140;9745620;817152;1271550;28544;30;3825619784;121592000;22.407;3;;69
70;HEA 1000;990;300;16.5;31;11190000;12824000;934000;1470000;34700;30;5538000000;140000000;2.723;1;HEA 1000;70
71;HEA 1000 corrosie 50 jr.;988.8;298.8;15.3;29.8;10691020;12206200;890015;1396200;32821;30;5285640473;132968217;25.765;2;;71
72;HEA 1000 corrosie 100 jr.;987.6;297.6;14.1;28.6;10183700;11578800;846999;1323780;30938;30;5028689145;126033000;24.286;3;;72
73;HEB 100;100;100;6;10;89900;104200;33500;51420;2604;12;4500000;1673000;0.2044;1;HEB 100;73
74;HEB 100 corrosie 50 jr.;98.8;98.8;4.8;8.8;79554;90986;28730;44071;2256;12;3929995;1419290;0.1771;2;;74
75;HEB 100 corrosie 100 jr.;97.6;97.6;3.6;7.6;69023;77770;24206;37042;1908;12;3368332;1181260;0.1497;3;;75
76;HEB 120 ;120;120;6.5;11;144100;165200;52900;81000;3400;12;8640000;3180000;0.2669;1;HEB 120 ;76
77;HEB 120 corrosie 50 jr.;118.8;118.8;5.3;9.8;128729;148912;46198;70538;2982;12;7646500;2744178;0.2341;2;;77
78;HEB 120 corrosie 100 jr.;117.6;117.6;4.1;8.6;113163;126618;39716;60499;2562;12;6653992;2335320;0.2011;3;;78
79;HEB 140;140;140;7;12;215600;245400;78500;119800;4300;12;15090000;5500000;0.337;1;HEB 140;79
80;HEB 140 corrosie 50 jr.;138.8;138.8;5.8;10.8;194319;218912;69451;105736;3805;12;13485710;4819910;0.2987;2;;80
81;HEB 140 corrosie 100 jr.;137.6;137.6;4.6;9.6;172744;192398;60659;92149;3315;12;11884781;4173328;0.2601;3;;81
82;HEB 160;160;160;8;13;311500;354000;111200;170000;5430;15;24920000;8890000;0.426;1;HEB 160;82
83;HEB 160 corrosie 50 jr. ;158.8;158.8;6.8;11.8;283521;319306;99371;151702;4866;15;22511598;7890039;0.382;2;;83
84;HEB 160 corrosie 100 jr.;157.6;157.6;5.6;10.6;255105;284516;87904;133946;4304;15;20102306;6926854;0.3379;3;;84
85;HEB 180;180;180;8.5;14;426000;481400;151400;231000;6530;15;38310000;13630000;0.512;1;HEB 180;85
86;HEB 180 corrosie 50 jr.;178.8;178.8;7.3;12.8;389828;437316;136588;208052;5895;15;34850626;12211003;0.4627;2;;86
87;HEB 180 corrosie 100 jr.;177.6;177.6;6.1;11.6;353464;393029;122107;185665;5261;15;31387606;10843093;0.413;3;;87
88;HEB 200;200;200;9;15;570000;642000;200300;305800;7810;18;20030000;20030000;0.613;1;HEB 200;88
89;HEB 200 corrosie 50 jr.;198.8;198.8;7.8;13.8;525185;588053;182086;277594;7109;18;52203388;18099366;0.558;2;;89
90;HEB 200 corrosie 100 jr.;197.6;197.6;6.6;12.6;480019;533181;164228;249986;6404;18;47425882;16225719;0.5027;3;;90
91;HEB 220;220;220;9.5;16;736000;828000;258500;393800;9100;18;80910000;28430000;0.715;1;HEB 220;91
92;HEB 220 corrosie 50 jr.;218.8;218.8;8.3;14.8;681311;760822;236468;359886;8333;18;74535373;25869608;0.6542;2;;92
93;HEB 220 corrosie 100 jr.;217.6;217.6;7.1;13.6;626251;694171;214890;326570;7557;18;68136126;23380080;0.5932;3;;93
94;HEB 240;240;240;10;17;938000;1054000;327000;498400;10600;21;112600000;39230000;0.832;1;HEB 240;94
95;HEB 240 corrosie 50 jr.;238.8;238.8;8.8;15.8;873632;974394;300762;458094;9760;21;104311669;35910970;0.7661;2;;95
96;HEB 240 corrosie 100 jr.;237.6;237.6;7.6;14.6;807849;894886;275102;418469;8912;21;95972421;32682089;0.6996;3;;96
97;HEB 260;260;260;10;17.5;1150000;1282000;395000;602200;11840;24;149200000;51350000;0.93;1;HEB 260;97
98;HEB 260 corrosie 50 jr.;258.8;258.8;8.8;16.3;1071290;1190390;364441;554956;10912;24;138346425;47163455;0.8566;2;;98
99;HEB 260 corrosie 100 jr.;257.6;257.6;7.6;15.1;993381;1096675;334490;509004;10017;24;127947452;43082319;0.7864;3;;99
100;HEB 280;280;280;10.5;18;1380000;1534000;471000;718000;13140;24;192700000;65950000;1.031;1;HEB 280;100
101;HEB 280 corrosie 50 jr.;278.8;278.8;9.3;16.8;1286999;1426645;435855;663382;12158;24;179407584;60758249;0.9544;2;;101
102;HEB 280 corrosie 100 jr.;277.6;277.6;8.1;15.6;1195836;1317549;401211;609970;11167;24;165982039;55688106;0.8766;3;;102
103;HEB 300;300;300;11;19;1680000;1868000;571000;870000;14910;27;251700000;85630000;1.17;1;HEB 300;103
104;HEB 300 corrosie 50 jr.;298.8;298.8;9.8;17.8;1575116;1745173;530519;808047;13862;27;235322305;79259571;10.881;2;;104
105;HEB 300 corrosie 100 jr.;297.6;297.6;8.6;16.6;1470292;1619786;490749;746721;12799;27;218779397;73023518;10.047;3;;105
106;HEB 320;320;300;11.5;20.5;1930000;2150000;616000;940000;16130;27;308200000;92390000;1.267;1;HEB 320;106
107;HEB 320 corrosie 50 jr.;318.8;298.8;10.3;19.3;1816030;2015732;575217;876282;15065;27;289474782;85937367;11.826;2;;107
108;HEB 320 corrosie 100 jr.;317.6;297.6;9.1;18.1;1703241;1880205;535080;814243;13979;27;270474611;79619876;10.973;3;;108
109;HEB 340;340;300;12;21.5;2160000;2408000;646000;986000;17090;27;366600000;96900000;1.342;1;HEB 340;109
110;HEB 340 corrosie 50 jr.;338.8;298.8;10.8;20.3;2037403;2264199;605041;922348;15997;27;345135989;90393053;12.557;2;;110
111;HEB 340 corrosie 100 jr.;337.6;297.6;9.6;19.1;1916068;2118130;564655;859760;14888;27;323432302;84020630;11.687;3;;111
112;HEB 360;360;300;12.5;22.5;2400000;2682000;676000;1032000;18060;27;431900000;101400000;1.418;1;HEB 360;112
113;HEB 360 corrosie 50 jr.;358.8;298.8;11.3;21.3;2272220;2528453;634871;968548;16947;27;407636186;94849748;16.947;2;;113
114;HEB 360 corrosie 100 jr.;357.6;297.6;10.1;20.1;2142189;2371611;594235;905400;15814;27;383023488;88422239;15.841;3;;114
115;HEB 400;400;300;13.5;24;2880000;3232000;721000;1104000;19780;27;576800000;108200000;1.553;1;HEB 400;115
116;HEB 400 corrosie 50 jr.;398.8;298.8;12.3;22.8;2738627;3055096;679676;1039097;18615;27;546082283;101543590;18.615;2;;116
117;HEB 400 corrosie 100 jr.;397.6;297.6;11.1;21.6;2590325;2875850;638656;974969;17435;27;514956697;95032052;13.687;3;;117
118;HEB 450;450;300;14;26;3550000;3982000;781000;1198000;21800;27;798900000;117200000;1.711;1;HEB 450;118
119;HEB 450 corrosie 50 jr.;448.8;298.8;12.8;24.8;3381748;3776666;739324;1131532;20575;27;758864174;110455019;16.151;2;;119
120;HEB 450 corrosie 100 jr.;447.6;297.6;11.6;23.6;2925017;3267798;697804;866168;17920;27;654618895;75535303;14.067;3;;120
121;HEB 500;500;300;14.5;28;4290000;4814000;842000;1292000;23860;27;1072000000;126200000;1.873;1;HEB 500;121
122;HEB 500 corrosie 50 jr.;498.8;298.8;13.3;26.8;4093837;4578329;798934;1223864;22582;27;1019709645;119369052;17.704;2;;122
123;HEB 500 corrosie 100 jr.;497.6;297.6;12.1;25.6;3897022;4338752;756967;1157846;21284;27;969579097;112636715;16.708;3;;123
124;HEB 550;550;300;15;29;4970000;5590000;872000;1342000;25410;27;1366999900;130800000;1.994;1;HEB 550;124
125;HEB 550 corrosie 50 jr.;548.8;298.8;13.8;27.8;4751180;5322042;828917;1272906;24064;27;1303723777;123840165;18.891;2;;125
126;HEB 550 corrosie 100 jr.;547.6;297.6;12.6;26.6;4527767;5049748;786627;1205574;22707;27;1239702418;117050063;17.825;3;;126
127;HEB 600;600;300;15.5;30;5700000;6426000;902000;1392000;27000;27;1710000000;135300000;2.119;1;HEB 600;127
128;HEB 600 corrosie 50 jr.;598.8;298.8;14.3;28.8;5454792;6122768;858865;1321890;25595;27;1633164565;128314426;20.092;2;;128
129;HEB 600 corrosie 100 jr.;597.6;297.6;13.1;27.6;5203805;5816289;816305;1253665;24178;27;1554897004;121466176;1.898;3;;129
130;HEB 650;650;300;16;31;6480000;7320000;932000;1442000;28630;27;2106000000;139800000;2.248;1;HEB 650;130
131;HEB 650 corrosie 50 jr.;648.8;298.8;14.8;29.8;6205763;6982242;888837;1371290;27174;27;2013149611;132792259;21.331;2;;131
132;HEB 650 corrosie 100 jr.;647.6;297.6;13.6;28.6;5926230;6640105;846003;1302139;25697;27;1918913044;125885319;20.172;3;;132
133;HEB 700;700;300;17;32;7340000;8328000;963000;1496000;30640;27;2568999900;144400000;2.405;1;HEB 700;133
134;HEB 700 corrosie 50 jr.;698.8;298.8;15.8;30.8;7036039;7952941;918994;1423759;29119;27;2458392081;137297642;22.858;2;;134
135;HEB 700 corrosie 100 jr.;697.6;297.6;14.6;29.6;6727214;7573866;875864;1353465;27584;27;2346452319;130328495;21.653;3;;135
136;HEB 800;800;300;17.5;33;8980000;10228000;994000;1554000;33400;30;3591000000;149000000;2.623;1;HEB 800;136
137;HEB 800 corrosie 50 jr.;798.8;298.8;16.3;31.8;8612831;9777784;949534;1480333;31784;30;3439964688;141860370;2.495;2;;137
138;HEB 800 corrosie 100 jr.;797.6;297.6;15.1;30.6;8241161;9319597;906077;1408480;30129;30;3286574868;134824313;23.651;3;;138
139;HEB 900;900;300;18.5;35;10980000;12584000;1054000;1658000;37100;30;4941000000;158200000;2.915;1;HEB 900;139
140;HEB 900 corrosie 50 jr.;898.8;298.8;17.3;33.8;10550133;12049607;1009761;1583371;35375;30;4741229581;150858238;27.769;2;;140
141;HEB 900 corrosie 100 jr.;897.6;297.6;16.1;32.6;10112646;11506862;965725;1509409;33601;30;4538555243;143699888;26.377;3;;141
142;HEB 1000;1000;300;19;36;12890000;14856000;1085000;1716000;40000;30;6447000000;162800000;3.14;1;HEB 1000;142
143;HEB 1000 corrosie 50 jr.;998.8;298.8;17.8;34.8;12395985;14230582;1040085;1639621;38132;30;6190554869;155388726;29.934;2;;143
144;HEB 1000 corrosie 100 jr.;997.6;297.6;16.6;33.6;11887561;13596781;995725;1564045;36240;30;5929515539;148163896;28.448;3;;144
145;UNP 100;100;50;6;8.5;41100;48960;;;1345;;2053000;;0.1056;;;145
146;UNP 100 corrosie 50 jr.;98.8;48.8;4.8;7.3;35048;41190;;;1122;;1731384;;0.0881;;;146
147;UNP 100 corrosie 100 jr. ;97.6;47.6;3.6;6.1;28991;33495;;;899;;1414750;;0.0706;;;147
148;Dubbel UNP 100;100;50;6;8.5;82200;97920;;;2690;;4106000;;0.2112;1;Dubbel UNP 100;148
149;Dubbel UNP 100 corrosie 50 jr.;98.8;48.8;4.8;7.3;70096;82380;;;2244;;3462768;;0.1762;2;;149
150;Dubbel UNP 100 corrosie 100 jr.;97.6;47.6;3.6;6.1;57982;66990;;;1798;;2829500;;0.1412;3;;150
151;UNP 120;120;55;7;9;60700;72600;;;1698;;3640000;;0.1333;;;151
152;UNP 120 corrosie 50 jr.;118.8;53.8;5.8;7.8;52221;61838;;;1438;;3101907;;0.1129;;;152
153;UNP 120 corrosie 100 jr. ;117.6;52.6;4.6;6.6;43724;51124;;;1179;;2570957;;0.0926;;;153
154;Dubbel UNP 120;120;55;7;9;121400;145200;;;3396;;7280000;;0.2666;1;Dubbel UNP 120;154
155;Dubbel UNP 120 corrosie 50 jr.;118.8;53.8;5.8;7.8;104442;123676;;;2876;;6203814;;0.2258;2;;155
156;Dubbel UNP 120 corrosie 100 jr.;117.6;52.6;4.6;6.6;87448;102248;;;2358;;5141914;;0.1852;3;;156
157;UNP 140;140;60;7;10;86400;102800;;;2037;;6050000;;0.1599;;;157
158;UNP 140 corrosie 50 jr.;138.8;58.8;5.8;8.8;75219;88491;;;1741;;5220211;;0.1366;;;158
159;UNP 140 corrosie 100 jr. ;137.6;57.6;4.6;7.6;64038;74375;;;1447;;4405846;;0.1136;;;159
160;Dubbel UNP 140;140;60;7;10;172800;205600;;;4074;;12100000;;0.3198;1;Dubbel UNP 140;160
161;Dubbel UNP 140 corrosie 50 jr.;138.8;58.8;5.8;8.8;150438;176982;;;3482;;10440422;;0.2732;2;;161
162;Dubbel UNP 140 corrosie 100 jr.;137.6;57.6;4.6;7.6;128076;148750;;;2894;;8811692;;0.2272;3;;162
163;UNP 160;160;65;7.5;10.5;115600;137600;;;2401;;9250000;;0.1885;;;163
164;UNP 160 corrosie 50 jr.;158.8;63.8;6.3;9.3;101323;119378;;;2070;;8045014;;0.1625;;;164
165;UNP 160 corrosie 100 jr.;157.6;62.6;5.1;8.1;87054;101404;;;1741;;6859829;;0.1367;;;165
166;Dubbel UNP 160;160;65;7.5;10.5;231200;275200;;;4802;;18500000;;0.377;1;Dubbel UNP 160;166
167;Dubbel UNP 160 corrosie 50 jr.;158.8;63.8;6.3;9.3;202646;238756;;;4140;;16090028;;0.325;2;;167
168;Dubbel UNP 160 corrosie 100 jr.;157.6;62.6;5.1;8.1;174108;202808;;;3482;;13719658;;0.2734;3;;168
169;UNP 180;180;70;8;11;150400;179000;;;2796;;13540000;;0.2195;;;169
170;UNP 180 corrosie 50 jr.;178.8;68.8;6.8;9.8;132723;156631;;;2431;;11865465;;0.1908;;;170
171;UNP 180 corrosie 100 jr.;177.6;67.6;5.6;8.6;115008;134345;;;2066;;10212698;;0.1622;;;171
172;Dubbel UNP 180;180;70;8;11;300800;358000;;;5592;;27080000;;0.439;1;Dubbel UNP 180;172
173;Dubbel UNP 180 corrosie 50 jr.;178.8;68.8;6.8;9.8;265446;313262;;;4862;;23730930;;0.3816;2;;173
174;Dubbel UNP 180 corrosie 100 jr.;177.6;67.6;5.6;8.6;230016;268690;;;4132;;20425396;;0.3244;3;;174
175;UNP 200;200;75;8.5;11.5;191100;227800;;;3220;;19110000;;0.2526;;;175
176;UNP 200 corrosie 50 jr.;198.8;73.8;7.3;10.3;169570;200486;;;2818;;16855306;;0.2212;;;176
177;UNP 200 corrosie 100 jr.;197.6;72.6;6.1;9.1;148044;173432;;;2419;;14626740;;0.1899;;;177
178;Dubbel UNP 200;200;150;17;11.5;382200;455600;;;6440;;38220000;;0.5052;1;Dubbel UNP 200;178
179;Dubbel UNP 200 corrosie 50 jr.;198.8;148.8;15.8;10.3;339140;400972;;;5636;;33710612;;0.4424;2;;179
180;Dubbel UNP 200 corrosie 100 jr.;197.6;147.6;14.6;9.1;296088;346864;;;4838;;29253480;;0.3798;3;;180
181;UNP 220;220;80;9;12.5;244600;291400;;;3740;;26910000;;0.2939;;;181
182;UNP 220 corrosie 50 jr.;218.8;78.8;7.8;11.3;219080;259037;;;3309;;23967353;;0.2597;;;182
183;UNP 220 corrosie 100 jr. ;217.6;77.6;6.6;10.1;193493;226803;;;2875;;21052024;;0.2257;;;183
184;Dubbel UNP 220;220;160;18;12.5;489200;582800;;;7480;;53820000;;0.5878;1;Dubbel UNP 220;184
185;Dubbel UNP 220 corrosie 50 jr.;218.8;158.8;16.8;11.3;438160;518074;;;6618;;47934706;;0.5194;2;;185
186;Dubbel UNP 220 corrosie 100 jr.;217.6;157.6;15.6;10.1;386986;453606;;;5750;;42104048;;0.4514;3;;186
187;UNP 240;240;85;9.5;13;299800;357600;;;4230;;35980000;;0.332;;;187
188;UNP 240 corrosie 50 jr.;238.8;83.8;8.3;11.8;269823;319539;;;3760;;32216840;;0.2952;;;188
189;UNP 240 corrosie 100 jr. ;237.6;82.6;7.1;10.6;239713;281632;;;3291;;28477953;;0.2584;;;189
190;Dubbel UNP 240;240;170;19;13;599600;715200;;;8460;;71960000;;0.664;1;Dubbel UNP 240;190
191;Dubbel UNP 240 corrosie 50 jr.;238.8;168.8;17.8;11.8;539646;639078;;;7520;;64433680;;0.5904;2;;191
192;Dubbel UNP 240 corrosie 100 jr.;237.6;167.6;16.6;10.6;479426;563264;;;6582;;56955906;;0.5168;3;;192
193;UNP 260;260;90;10;14;371000;442400;;;4830;;48230000;;0.379;;;193
194;UNP 260 corrosie 50 jr.;258.8;88.8;8.8;12.8;336272;398204;;;4323;;43513621;;0.3394;;;194
195;UNP 260 corrosie 100 jr.;257.6;87.6;7.6;11.6;301402;354216;;;3819;;38820621;;0.2998;;;195
196;Dubbel UNP 260;260;180;20;14;742000;884800;;;9660;;96460000;;0.758;1;Dubbel UNP 260;196
197;Dubbel UNP 260 corrosie 50 jr.;258.8;178.8;18.8;12.8;672544;796408;;;8646;;87027242;;0.6788;2;;197
198;Dubbel UNP 260 corrosie 100 jr.;257.6;177.6;17.6;11.6;602804;708432;;;7638;;77641242;;0.5996;3;;198
199;UNP 280;280;95;10;15;448000;531800;;;5340;;62740000;;0.419;;;199
200;UNP 280 corrosie 50 jr.;278.8;93.8;8.8;13.8;408297;481172;;;4801;;56916635;;0.3769;;;200
201;UNP 280 corrosie 100 jr.;277.6;92.6;7.6;12.6;368241;430586;;;4262;;51111871;;0.3346;;;201
202;Dubbel UNP 280;280;190;20;15;896000;1063600;;;10680;;125480000;;0.838;1;Dubbel UNP 280;202
203;Dubbel UNP 280 corrosie 50 jr.;278.8;188.8;18.8;13.8;816594;962344;;;9602;;113833270;;0.7538;2;;203
204;Dubbel UNP 280 corrosie 100 jr.;277.6;187.6;17.6;12.6;736482;861172;;;8524;;102223742;;0.6692;3;;204
205;UNP 300;300;100;10;16;535000;632200;;;5880;;80260000;;0.461;;;205
206;UNP 300 corrosie 50 jr.;298.8;98.8;8.8;14.8;489680;574534;;;5300;;73158235;;0.4161;;;206
207;UNP 300 corrosie 100 jr.;297.6;97.6;7.6;13.6;444080;516890;;;4725;;66079158;;0.3709;;;207
208;Dubbel UNP 300;300;200;20;16;1070000;1264400;;;11760;;160520000;;0.922;1;Dubbel UNP 300;208
209;Dubbel UNP 300 corrosie 50 jr.;298.8;198.8;18.8;14.8;979360;1149068;;;10600;;146316470;;0.8322;2;;209
210;Dubbel UNP 300 corrosie 100 jr.;297.6;197.6;17.6;13.6;888160;1033780;;;9450;;132158316;;0.7418;3;;210
211;UNP 320;320;100;14;17.5;679000;826000;;;7580;;108700000;;0.595;;;211
212;UNP 320 corrosie 50 jr.;318.8;98.8;12.8;16.3;622438;753360;;;6919;;99216656;;0.5432;;;212
213;UNP 320 corrosie 100 jr.;317.6;97.6;11.6;15.1;573054;690198;;;6322;;91001003;;0.4962;;;213
214;Dubbel UNP 320;320;200;28;17.5;1358000;1652000;;;15160;;217400000;;1.19;1;Dubbel UNP 320;214
215;Dubbel UNP 320 corrosie 50 jr.;318.8;198.8;26.8;16.3;1244876;1506720;;;13838;;198433312;;10.864;2;;215
216;Dubbel UNP 320 corrosie 100 jr.;317.6;197.6;25.6;15.1;1146108;1380396;;;12644;;182002006;;0.9924;3;;216
217;UNP 350;350;100;14;16;734000;900000;;;7720;;128400000;;0.606;;;217
218;UNP 350 corrosie 50 jr.;348.8;98.8;12.8;14.8;668515;816950;;;7031;;116589079;;0.5519;;;218
219;UNP 350 corrosie 100 jr.;347.6;97.6;11.6;13.6;611578;744398;;;6397;;106292205;;0.5022;;;219
220;Dubbel UNP 350;350;200;28;16;1468000;1800000;;;15440;;256800000;;1.212;1;Dubbel UNP 350;220
221;Dubbel UNP 350 corrosie 50 jr.;348.8;198.8;26.8;14.8;1337030;1633900;;;14062;;233178158;;11.038;2;;221
222;Dubbel UNP 350 corrosie 100 jr.;347.6;197.6;25.6;13.6;1223156;1488796;;;12794;;212584410;;10.044;3;;222
223;UNP 380;380;102;13.5;16;829000;1014000;;;8030;;157500000;;0.631;;;223
224;UNP 380 corrosie 50 jr.;378.8;100.8;12.3;14.8;754529;920910;;;7300;;142907765;;0.573;;;224
225;UNP 380 corrosie 100 jr.;377.6;99.6;11.1;13.6;689174;837630;;;6625;;130116109;;0.5201;;;225
226;Dubbel UNP 380;380;204;27;16;1658000;2028000;;;16060;;315000000;;1.262;1;Dubbel UNP 380;226
227;Dubbel UNP 380 corrosie 50 jr.;378.8;202.8;25.8;14.8;1509058;1841820;;;14600;;285815530;;1.146;2;;227
228;Dubbel UNP 380 corrosie 100 jr.;377.6;201.6;24.6;13.6;1378348;1675260;;;13250;;260232218;;10.402;3;;228
229;UNP 400;400;110;14;18;1018000;1236000;;;9150;;203500000;;0.718;;;229
230;UNP 400 corrosie 50 jr.;398.8;108.8;12.8;16.8;933582;1130194;;;8364;;186156266;;0.6566;;;230
231;UNP 400 corrosie 100 jr. ;397.6;107.6;11.6;15.6;860366;1036779;;;7647;;171040779;;0.6003;;;231
232;Dubbel UNP 400;400;220;28;18;2036000;2472000;;;18300;;407000000;;1.436;1;Dubbel UNP 400;232
233;Dubbel UNP 400 corrosie 50 jr.;398.8;218.8;26.8;16.8;1867164;2260388;;;16728;;372312532;;13.132;2;;233
234;Dubbel UNP 400 corrosie 100 jr.;397.6;217.6;25.6;15.6;1720732;2073558;;;15294;;342081558;;12.006;3;;234
